Name,Slug,Collection ID,Locale ID,Item ID,Archived,Draft,Created On,Updated On,Published On,Post Body,Post Summary,Main Image,Thumbnail image,Featured?,Color,Catégories
7 Ways To Improve Website Usability And Accessibility,7-ways-to-improve-website-usability-and-accessibility,66d5c6df17d9c1de407d6e9f,653acfd9e882f528b3ed2e72,66d5c6e7524e765da16318a7,false,true,Mon Sep 02 2024 14:08:39 GMT+0000 (Coordinated Universal Time),Mon Sep 02 2024 17:15:38 GMT+0000 (Coordinated Universal Time),,"<h2>Cras sit amet velit id nulla tempus dictum sit amet eu nisi.</h2><p>Fusce aliquet turpis at orci bibendum, non convallis justo tempor.</p><h3>Fusce aliquet turpis at orci bibendum, non convallis justo tempor.</h3><blockquote>Praesent nec orci at nulla consequat congue ut non arcu.</blockquote><p>Cras sit amet velit id nulla tempus dictum sit amet eu nisi.</p><p>Fusce aliquet turpis at orci bibendum, non convallis justo tempor. Sed auctor augue id tellus lacinia, nec ultricies est fermentum. Praesent nec orci at nulla consequat congue ut non arcu.</p><h2>Integer rutrum ante et nunc venenatis, id ultricies risus ultricies.</h2><p>Cras sit amet velit id nulla tempus dictum sit amet eu nisi. Praesent nec orci at nulla consequat congue ut non arcu.</p><h3>Lorem ipsum dolor sit amet, consectetur adipiscing elit.</h3><blockquote>Integer rutrum ante et nunc venenatis, id ultricies risus ultricies. Sed auctor augue id tellus lacinia, nec ultricies est fermentum. Fusce aliquet turpis at orci bibendum, non convallis justo tempor.</blockquote><p>Sed auctor augue id tellus lacinia, nec ultricies est fermentum.</p><p>Vestibulum ante ipsum primis in faucibus orci luctus et ultrices posuere cubilia curae.</p><h2>Maecenas euismod sapien eu arcu convallis, vitae vestibulum ipsum maximus.</h2><p>Lorem ipsum dolor sit amet, consectetur adipiscing elit. Praesent nec orci at nulla consequat congue ut non arcu.</p><h3>Donec eu felis at libero consequat sagittis a et urna.</h3><blockquote>Praesent nec orci at nulla consequat congue ut non arcu.</blockquote><p>Praesent nec orci at nulla consequat congue ut non arcu. Integer rutrum ante et nunc venenatis, id ultricies risus ultricies.</p><p>Donec eu felis at libero consequat sagittis a et urna. Vivamus vitae arcu vel velit efficitur vestibulum vel in purus.</p><h2>Fusce aliquet turpis at orci bibendum, non convallis justo tempor.</h2><p>Vestibulum ante ipsum primis in faucibus orci luctus et ultrices posuere cubilia curae. Praesent nec orci at nulla consequat congue ut non arcu.</p><h3>Lorem ipsum dolor sit amet, consectetur adipiscing elit.</h3><blockquote>Cras sit amet velit id nulla tempus dictum sit amet eu nisi.</blockquote><p>Integer rutrum ante et nunc venenatis, id ultricies risus ultricies.</p><p>Cras sit amet velit id nulla tempus dictum sit amet eu nisi.</p>","Cras sit amet velit id nulla tempus dictum sit amet eu nisi.
Praesent nec orci at nulla consequat congue ut non arcu.
Lorem ipsum dolor sit amet, con",https://cdn.prod.website-files.com/5f844be21799777e06b3683f/66d5c6e6524e765da16317f7_image12.jpeg,https://cdn.prod.website-files.com/5f844be21799777e06b3683f/66d5c6e6524e765da16317fc_image14.jpeg,false,#000000,
Comment choisir un calendrier de l’Avent bière ?,comment-choisir-un-calendrier-de-lavent-biere,66d5c6df17d9c1de407d6e9f,653acfd9e882f528b3ed2e72,6710dc08d2570781be085415,false,false,Thu Oct 17 2024 09:42:32 GMT+0000 (Coordinated Universal Time),Thu Oct 17 2024 09:43:55 GMT+0000 (Coordinated Universal Time),Thu Oct 17 2024 09:44:15 GMT+0000 (Coordinated Universal Time),"<p id="""">L’approche des fêtes enthousiasme les passionnés de bière, notamment avec le calendrier de l’Avent. Une offre abondante se présente, mais comment trouver la sélection brassicole qui égayera les soirées de décembre ? Voici les critères essentiels pour un choix judicieux.</p><h2 id="""">L’origine : un voyage gustatif à domicile</h2><p id="""">Le pays d’origine des bières est le premier critère à considérer. Certains calendriers offrent une sélection internationale, ce qui permet un véritable périple gustatif. D’autres privilégient des régions spécifiques, comme <strong id="""">les célèbres bières belges</strong> ou les craft beers américaines populaires.</p><p id="""">Les amateurs de nouveautés opteront pour des assortiments variés et les puristes choisiront des options plus spécialisées. La possibilité de déguster une IPA californienne un soir, puis une trappiste belge le lendemain est très séduisante. <a id="""" href=""https://brewnation.fr/calendrier-de-lavent-biere/"" target=""_blank"">Vous pouvez découvrir cet article pour choisir votre calendrier de l’avent.</a></p><h2 id="""">Le délai de livraison : une question de timing</h2><p id="""">Le délai de livraison joue un rôle crucial. La vérification des dates d’expédition et de réception prévues s’impose. Les vendeurs fiables assurent généralement <strong id="""">une livraison avant le 1er décembre</strong>.</p><p id="""">Un contact avec le service client confirmera l’arrivée à temps de la commande. Certaines entreprises proposent des options de livraison express pour les commandes tardives.</p><p>‍</p><figure class=""w-richtext-figure-type-image w-richtext-align-center"" data-rt-type=""image"" data-rt-align=""center""><div><img alt=""__wf_reserved_inherit"" src=""https://cdn.prod.website-files.com/5f844be21799777e06b3683f/6710dc5a119407ef054d42dd_6710dbe56d19ef80913b658c_9b771d6c4412694d7fd55a1f649e9675.jpeg"" loading=""lazy""></div></figure><p>‍</p><h2 id="""">Le prix : entre qualité et budget</h2><p id="""">Le budget influence grandement le choix.<strong id=""""> Les prix des calendriers de l’Avent bière oscillent entre 50 et plus de 200 euros</strong>. La qualité des bières, leur rareté, le packaging et les éventuels extras justifient ces écarts.</p><p id="""">Un calendrier à moins de 50 euros risque de contenir des bières industrielles courantes. Entre 60 et 100 euros, un bon compromis qualité-prix se présente, avec <strong id="""">une sélection de bières artisanales attrayantes.</strong> Au-delà, des bières plus rares, des éditions limitées, voire des goodies exclusifs apparaissent.</p><p id="""">La réflexion sur le budget est tout aussi importante, mais gardez à l’esprit que ce calendrier représente une expérience d’un mois. La division du prix par 24 permet d’évaluer si chaque bière justifie ce montant.</p><h2 id="""">Les critères complémentaires</h2><p id="""">Une fois ces trois critères principaux établis, l’affinement du choix se fait selon d’autres éléments. Certains calendriers se spécialisent dans les IPA ou les bières de Noël, tandis que d’autres offrent <strong id="""">un panorama des styles brassicoles</strong>. L’esthétique du calendrier compte, surtout s’il doit orner le salon pendant un mois.</p><p id="""">Le format se choisit entre canettes ou bouteilles de 25 cl ou 33 cl, selon les préférences et l’espace de stockage. Les extras, comme les verres de dégustation, les sous-bocks collector ou les fiches explicatives, enrichissent l’expérience. Certaines marques mettent en avant<strong id=""""> des brasseries indépendantes</strong> ou des pratiques écologiques.</p><p id="""">Ces critères en main permettent de<strong id=""""> trouver le calendrier de l’Avent bière qui répond aux attentes</strong>. L’objectif reste le plaisir et la découverte de nouvelles saveurs.</p><p id="""">‍</p>","L’approche des fêtes enthousiasme les passionnés de bière, notamment avec le calendrier de l’Avent. Une offre abondante se présente, mais comment trouver la sélection brassicole qui égayera les soirées de décembre ? Voici les critères essentiels pour un choix judicieux.",https://cdn.prod.website-files.com/5f844be21799777e06b3683f/6710dbe56d19ef80913b658c_9b771d6c4412694d7fd55a1f649e9675.jpeg,https://cdn.prod.website-files.com/5f844be21799777e06b3683f/6710dbe56d19ef80913b658c_9b771d6c4412694d7fd55a1f649e9675.jpeg,false,,bieres
"Easybeer.shop, marketplace de bières artisanales",easybeer-marketplace-biere-artisanales,66d5c6df17d9c1de407d6e9f,653acfd9e882f528b3ed2e72,66d5c6e7524e765da16318b2,false,false,Mon Sep 02 2024 14:08:39 GMT+0000 (Coordinated Universal Time),Sat Sep 07 2024 12:13:45 GMT+0000 (Coordinated Universal Time),Fri Sep 13 2024 07:51:02 GMT+0000 (Coordinated Universal Time),"<h2 id="""">Easybeer lance sa marketplace dédiée aux bières artisanales</h2><p id="""">Connu pour son <strong id="""">logiciel de gestion de brasserie</strong> (gestion de production, des stocks, comptabilité matières, etc.), Easybeer accompagne déjà plus de <strong id="""">700 brasseries artisanales</strong> dans leur développement.</p><p id="""">En complément de son offre de gestion, Easybeer propose une <strong id="""">solution de boutique en ligne</strong> qui a rencontré un grand succès durant la période du COVID, permettant aux brasseries de vendre leurs <strong id="""">bières artisanales</strong> directement sur leur site internet.</p><p id="""">Aujourd'hui, Easybeer renforce son soutien aux <strong id="""">brasseries artisanales</strong> en lançant sa <strong id="""">marketplace </strong><a id="""" href=""https://easybeer.shop/"" target=""_blank""><strong id="""">Easybeer.shop</strong></a>, une plateforme qui centralise les boutiques des brasseries sur un seul site.</p><p id="""">‍</p><h3 id="""">Commandes groupées et simplifiées</h3><p id="""">Sur <strong id="""">Easybeer.shop</strong>, les utilisateurs peuvent découvrir et acheter des <strong id="""">bières artisanales</strong> issues de plusieurs brasseries en un seul achat. La marketplace permet ainsi de regrouper des commandes auprès de différents producteurs, facilitant l’expérience utilisateur.</p><figure id="""" class=""w-richtext-figure-type-image w-richtext-align-center"" data-rt-type=""image"" data-rt-align=""center""><div id=""""><img id="""" alt=""__wf_reserved_inherit"" src=""https://cdn.prod.website-files.com/5f844be21799777e06b3683f/66dc19cdb88c11abc7dbc9a6_66dc197d930b82790dffc91f_easybeer-marketplace.jpeg"" width=""auto"" height=""auto"" loading=""lazy""></div></figure><h3 id="""">Livraisons gérées par les brasseries</h3><p id="""">Chaque brasserie artisanale gère directement ses propres livraisons. Ainsi, des <strong id="""">frais de port</strong> sont appliqués pour chaque envoi, comme si l’utilisateur commandait directement auprès des brasseurs. Cependant, avec l'augmentation des volumes de commandes, il est à espérer que des <strong id="""">réductions sur les frais de livraison</strong> soient appliquées, ce qui encouragerait encore plus les ventes de <strong id="""">bières artisanales</strong>.</p><p id="""">‍</p><h3 id="""">Soutien aux brasseries locales et au Made in France</h3><p id="""">Easybeer est avant tout le projet d’un passionné, <strong id="""">Brice</strong>, qui a initialement développé un logiciel pour aider les <strong id="""">brasseries artisanales locales</strong> à se développer. Ce soutien au <strong id="""">local</strong> et au <strong id="""">Made in France</strong> est une valeur fondamentale d'Easybeer.</p><p id="""">En créant cette <strong id="""">marketplace de bières artisanales</strong>, Easybeer offre aux petites brasseries la possibilité de se regrouper pour accroître leur visibilité digitale. Grâce à un large catalogue, la plateforme bénéficie d'un meilleur classement dans les moteurs de recherche comme <strong id="""">Google</strong>, attirant ainsi un plus grand nombre d'utilisateurs.</p><p id="""">‍</p><h3 id="""">Avantages pour les petites brasseries artisanales</h3><p id="""">L'union des catalogues des brasseries sur une même plateforme permet de réduire les <strong id="""">coûts d'acquisition client</strong>, partagés par Easybeer.shop. Cela permet aux petites brasseries de se faire connaître au-delà de leur zone géographique, tout en accédant à un plus grand marché.</p><p id="""">Actuellement, près de <strong id="""">200 références de bières artisanales</strong> sont disponibles sur Easybeer.shop, provenant d'une quinzaine de brasseries partenaires, dont certaines proposent également des limonades artisanales.</p><p id="""">Parmi les brasseries présentes, on retrouve la <a href=""/brasserie-artisanale/mage-malte""><strong id="""">Brasserie Mage Malté</strong></a>, <strong id="""">Brassi’coop</strong> ou encore la <a href=""/brasserie-artisanale/brasserie-du-comte""><strong id="""">Brasserie du Comté</strong></a>. Découvrez la liste complète des brasseries partenaires sur la page dédiée : <a id="""" href=""https://easybeer.shop/carte-france-brasseries-artisanales/"" target=""_blank"">liste brasseries</a>.</p><p id="""">‍</p><h3 id="""">Devenir vendeur sur Easybeer.shop</h3><p id="""">L'inscription sur Easybeer.shop est simple pour les clients actuels du logiciel Easybeer, puisque toutes les fonctionnalités sont intégrées. Les commandes sont directement enregistrées dans le module de gestion, et les stocks sont automatiquement mis à jour.</p><p id="""">Easybeer prélève une commission de <strong id="""">10 % HT</strong> sur chaque vente, un taux standard dans l’univers des marketplaces. Cette commission peut même être réduite à <strong id="""">5 %</strong> sous certaines conditions, détaillées dans la FAQ du site.</p><h2 id="""">‍</h2>",Vestibulum ante ipsum primis in faucibus orci luctus et ultrices posuere cubilia curae.,https://cdn.prod.website-files.com/5f844be21799777e06b3683f/66dc197d930b82790dffc91f_easybeer-marketplace.jpg,https://cdn.prod.website-files.com/5f844be21799777e06b3683f/66dc1c0f22177f0428c9ff2d_easybeer-marketplace.jpg,true,#FF9800,technologie
Les 3 Meilleures Bières Brunes Sans Alcool,les-3-meilleures-bieres-brunes-sans-alcool,66d5c6df17d9c1de407d6e9f,653acfd9e882f528b3ed2e72,66d5c6e7524e765da16318b5,false,false,Mon Sep 02 2024 14:08:39 GMT+0000 (Coordinated Universal Time),Sat Sep 07 2024 09:19:26 GMT+0000 (Coordinated Universal Time),Sat Sep 07 2024 09:27:47 GMT+0000 (Coordinated Universal Time),"<p id="""">Découvrez notre sélection pour l'année 2024 des meilleures stout et porter sans alcool.</p><p>‍</p><p id="""">La particularité des bières brunes vient de sa teinte sombre et opaque liée provenant du malt torréfié. Ce type de bière est apprécié pour ses arômes prononcés de café, de chocolat, de cacao.</p><p id="""">‍</p><p id="""">Si vous êtes brasseur et que vous souhaitez nous faire découvrir vos bières sans alcool, merci de nous contacter ! Pour le moment, nous n’avons trouvé que des brasseries belges, américaines ou britanniques proposant des porter ou stout sans alcool.</p><p id="""">‍</p><p id="""">Sans plus attendre, voici notre sélection des meilleures brunes sans alcool que nous avons goûtées cet été.</p><p id="""">‍</p><h2 id="""">Big Drop Galactic Milk Stout</h2><ul id=""""><li id="""">La brasserie : Big Drop est une brasserie anglais spécialisée dans les bières sans alcool. Ils ont une gamme étendue pour tous les gouts.&nbsp;</li><li id="""">Note de dégustation : Une stout aux notes torréfiées et chocolatées</li><li id="""">Degré d’alcool : 0,5%/vol</li><li id="""">Composition :some text<ul id=""""><li id="""">&nbsp;Malts :&nbsp;&nbsp;</li><li id="""">Houblons:&nbsp; Bramiling Cross</li></ul></li><li id="""">IBU :&nbsp;&nbsp;&nbsp;</li><li id="""">EBC :&nbsp;&nbsp;</li><li id="""">Calories :&nbsp; 31kcal pour 100ml</li><li id="""">lien :&nbsp; visiter la page de la brasserie</li></ul><p id="""">‍</p><h2 id="""">Collective Arts Emerald Stout</h2><ul id=""""><li id="""">La brasserie : Collective Arts brewing est une brasserie canadienne</li><li id="""">Note de dégustation : Notes de Café, Chocolat, Caramel</li><li id="""">Degré d’alcool : 0,4%/vol</li><li id="""">Composition :some text<ul id=""""><li id="""">&nbsp;Malts :&nbsp;&nbsp;</li><li id="""">Houblons:&nbsp;&nbsp;</li></ul></li><li id="""">IBU :&nbsp;&nbsp;&nbsp;</li><li id="""">EBC :&nbsp;&nbsp;</li><li id="""">Calories :&nbsp;&nbsp;</li><li id="""">lien :&nbsp; visiter la page de la brasserie</li></ul><p id="""">‍</p><h2 id="""">Brulo Cascadian Tides Stout</h2><ul id=""""><li id="""">La brasserie :&nbsp;&nbsp;</li><li id="""">Note de dégustation :&nbsp;</li><li id="""">Degré d’alcool : 0,0%/vol</li><li id="""">Composition :some text<ul id=""""><li id="""">&nbsp;Malts :&nbsp; Pilsner, Rye, Wheat, Flaked Oats, Roasted Barley, Biscuit 50</li><li id="""">Houblons:&nbsp; Simcoe, Columbus</li></ul></li><li id="""">IBU :&nbsp;&nbsp;&nbsp;</li><li id="""">EBC :&nbsp;&nbsp;</li><li id="""">Calories :&nbsp; 56kcal par canette&nbsp;</li><li id="""">lien :&nbsp; visiter la page de la brasserie</li></ul><p id="""">‍</p><h2 id="""">Force Majeure Bruin</h2><ul id=""""><li id="""">La brasserie :&nbsp; Force Majeure est une brasserie belge.</li><li id="""">Note de dégustation : notes de caramel et de cannelle</li><li id="""">Degré d’alcool : 0,4%/vol</li><li id="""">Composition :some text<ul id=""""><li id="""">&nbsp;Malts :&nbsp;&nbsp;</li><li id="""">Houblons:&nbsp;&nbsp;</li></ul></li><li id="""">IBU :&nbsp;&nbsp;&nbsp;</li><li id="""">EBC :&nbsp;&nbsp;</li><li id="""">Calories :&nbsp;&nbsp;</li><li id="""">lien :&nbsp; visiter la page de la brasserie</li></ul><p id="""">‍</p><p id="""">‍</p><h2 id="""">‍</h2>","Cras sit amet velit id nulla tempus dictum sit amet eu nisi.
Vivamus vitae arcu vel velit efficitur vestibulum vel in purus.
Maecenas euismod sapien eu arcu convallis, vitae vestibulum ipsum maximus.
Donec eu felis at libero consequa",https://cdn.prod.website-files.com/5f844be21799777e06b3683f/66d6e788fd5d951ee948d4e9_aaron-doucett-FJbJbETdogk-unsplash.jpg,https://cdn.prod.website-files.com/5f844be21799777e06b3683f/66d6e76fc37f29e255140ef6_aaron-doucett-FJbJbETdogk-unsplash.jpg,false,#FFFFFF,biere-sans-alcool
Les 5 Meilleures Bières IPA Sans Alcool 2024,les-5-meilleures-bieres-ipa-sans-alcool-2024,66d5c6df17d9c1de407d6e9f,653acfd9e882f528b3ed2e72,66d5c6e7524e765da16318c0,false,false,Mon Sep 02 2024 14:08:39 GMT+0000 (Coordinated Universal Time),Sat Sep 07 2024 09:19:11 GMT+0000 (Coordinated Universal Time),Sat Sep 07 2024 09:27:47 GMT+0000 (Coordinated Universal Time),"<p id="""">Découvrez notre sélection pour l'année 2024 dans cet article. La particularité des bières IPA vient du goût amer prononcé qui vient du houblon.</p><p>Si vous êtes brasseur et que vous souhaitez nous faire découvrir vos bières sans alcool, merci de nous contacter !</p><p id="""">Sans plus attendre, voici nos sélection des meilleures IPA que nous avons goûtées cet été.</p><p id="""">‍</p><h2 id=""""><strong id="""">BS FRUITY IPA</strong></h2><ul id=""""><li id=""""><strong id="""">La brasserie :&nbsp;&nbsp;</strong></li><li id=""""><strong id="""">Note de dégustation : </strong>un nez fruité et une légère amertume en fin de dégustation. Notes de mangue et de fruit de la passion</li><li id=""""><strong id="""">Degré d’alcool : </strong>0,0%/vol</li><li id=""""><strong id="""">Composition :</strong><ul id=""""><li id=""""><strong id="""">&nbsp;Malts : </strong>Pilsen, pale Ale, Cara Ruby<strong id="""">&nbsp;</strong></li><li id=""""><strong id="""">Houblons: </strong>Citra et Simcoe</li></ul></li><li id=""""><strong id="""">IBU : </strong>&nbsp;30</li><li id=""""><strong id="""">EBC :</strong> 8</li><li id=""""><strong id="""">Calories </strong>:&nbsp;</li><li id=""""><strong id="""">lien :&nbsp; </strong><a id="""" href=""/brasserie-artisanale/brasserie-brasseurs-savoyards"">visiter la page de la brasserie</a></li></ul><p id="""">‍</p><h2 id=""""><strong id="""">Gallia IPA Sans Alcool</strong></h2><ul id=""""><li id=""""><strong id="""">La brasserie :&nbsp; </strong>Gallia a été racheté par Heineken, peut-on encore dire qu’il s’agit d’une brasserie artisanale ? Quoiqu’on en dise, leur IPA sans alcool est bonne et se démarque des bières sans alcool industrielles</li><li id=""""><strong id="""">Note de dégustation : </strong>notes d'aneth, de noix de coco et de fruits tropicaux</li><li id=""""><strong id="""">Degré d’alcool : </strong>0,3%/vol</li><li id=""""><strong id="""">Composition :</strong><ul id=""""><li id=""""><strong id="""">&nbsp;Malts : </strong>Pilsner malt &amp; Munich</li><li id=""""><strong id="""">Houblons: </strong>Sorachi ace, Sabro</li></ul></li><li id=""""><strong id="""">IBU : </strong>-</li><li id=""""><strong id="""">EBC: </strong>-</li><li id=""""><strong id="""">Calories </strong>: -</li><li id=""""><strong id="""">Lien : </strong>&nbsp;<a href=""/brasserie-artisanale/brasserie-gallia"">visiter la page de la brasserie</a></li></ul><p id="""">‍</p><h2 id=""""><strong id="""">Brewdog Hazy AF</strong></h2><ul id=""""><li id=""""><strong id="""">La brasserie :&nbsp; </strong>Encore une brasserie craft quasi industrielle et pas française qui plus es! Nous la mettons dans cette sélection car Brewdog a permis le développement de ce marché de la bière sans alcool. </li><li id=""""><strong id="""">Note de dégustation : </strong>Fruits tropicaux et notes herbacées</li><li id=""""><strong id="""">Degré d’alcool : </strong>0,5%/vol</li><li id=""""><strong id="""">Composition :</strong>some text<ul id=""""><li id=""""><strong id="""">&nbsp;Malts : </strong>Light Munich, Malted Oats, Medium Crystal Malt, Wheat</li><li id=""""><strong id="""">Houblons: </strong>Citra, Simcoe et Mosaic</li></ul></li><li id=""""><strong id="""">IBU : -</strong></li><li id=""""><strong id="""">EBC: -</strong></li><li id=""""><strong id="""">Calories </strong>:&nbsp;-</li><li id=""""><strong id="""">Lien : -</strong></li></ul><p id="""">‍</p><h2 id=""""><strong id="""">RUN’HARD IPA</strong></h2><ul id=""""><li id=""""><strong id="""">La brasserie : </strong>&nbsp;La Brasserie Run s’est spécialisée dans les bières sans alcools pour les sportifs qu’ils appellent “bière de récup’”</li><li id=""""><strong id="""">Note de dégustation : </strong>IPA avec ajout d’ortie &amp; de poivre Timut.</li><li id=""""><strong id="""">Degré d’alcool : </strong>0,4%/vol</li><li id=""""><strong id="""">Composition :</strong><ul id=""""><li id=""""><strong id="""">&nbsp;Malts : </strong>&nbsp;</li><li id=""""><strong id="""">Houblons: </strong>&nbsp;</li></ul></li><li id=""""><strong id="""">IBU :</strong></li><li id=""""><strong id="""">EBC:</strong></li><li id=""""><strong id="""">Calories </strong>:&nbsp;</li><li id=""""><strong id="""">Lien :&nbsp; </strong><a href=""/brasserie-artisanale/runhard""><strong id="""">visiter la page de la brasserie</strong></a></li></ul><p id="""">‍</p><h2 id=""""><strong id="""">Frogbeer INCROYABLE IPA</strong></h2><ul id=""""><li id=""""><strong id="""">La brasserie : </strong>&nbsp;</li><li id=""""><strong id="""">Note de dégustation :&nbsp;</strong></li><li id=""""><strong id="""">Degré d’alcool : </strong>0,5%/vol</li><li id=""""><strong id="""">Composition :</strong><ul id=""""><li id=""""><strong id="""">&nbsp;Malts : </strong>&nbsp;</li><li id=""""><strong id="""">Houblons: </strong>&nbsp;Magnum, Citra, Mosaic, Vic Secret</li></ul></li><li id=""""><strong id="""">IBU : </strong>17</li><li id=""""><strong id="""">EBC: </strong>24</li><li id=""""><strong id="""">Calories </strong>:&nbsp;</li><li id=""""><strong id="""">Lien : </strong><a id="""" href=""/brasserie-artisanale/brasserie-frog"">visiter la page de la brasserie</a></li></ul><p id="""">‍</p>",Voici notre top 5 des meilleures bières IPA sans alcool en 2024. Les brasseries artisanales équipées du matériel nécessaires ont commencé à produire des bières sans alcool et la qualité est au rendez-vous.,https://cdn.prod.website-files.com/5f844be21799777e06b3683f/66d5f2111d90813f00e6747b_pawel-kadysz-MYxvETrYabg-unsplash.jpg,https://cdn.prod.website-files.com/5f844be21799777e06b3683f/66d5f2291f1693479360495a_pawel-kadysz-MYxvETrYabg-unsplash-small.jpg,true,#FFFFFF,biere-sans-alcool
The Worst Advice We've Ever Heard About Web Design,the-worst-advice-weve-ever-heard-about-web-design,66d5c6df17d9c1de407d6e9f,653acfd9e882f528b3ed2e72,66d5c6e7524e765da16318b8,false,true,Mon Sep 02 2024 14:08:39 GMT+0000 (Coordinated Universal Time),Mon Sep 02 2024 17:15:31 GMT+0000 (Coordinated Universal Time),,"<h2>Praesent nec orci at nulla consequat congue ut non arcu.</h2><p>Vivamus vitae arcu vel velit efficitur vestibulum vel in purus. Sed auctor augue id tellus lacinia, nec ultricies est fermentum.</p><h3>Vestibulum ante ipsum primis in faucibus orci luctus et ultrices posuere cubilia curae.</h3><blockquote>Integer rutrum ante et nunc venenatis, id ultricies risus ultricies. Cras sit amet velit id nulla tempus dictum sit amet eu nisi.</blockquote><p>Donec eu felis at libero consequat sagittis a et urna. Praesent nec orci at nulla consequat congue ut non arcu. Sed auctor augue id tellus lacinia, nec ultricies est fermentum.</p><p>Lorem ipsum dolor sit amet, consectetur adipiscing elit.</p><h2>Fusce aliquet turpis at orci bibendum, non convallis justo tempor.</h2><p>Vestibulum ante ipsum primis in faucibus orci luctus et ultrices posuere cubilia curae. Maecenas euismod sapien eu arcu convallis, vitae vestibulum ipsum maximus. Praesent nec orci at nulla consequat congue ut non arcu.</p><h3>Praesent nec orci at nulla consequat congue ut non arcu.</h3><blockquote>Fusce aliquet turpis at orci bibendum, non convallis justo tempor.</blockquote><p>Lorem ipsum dolor sit amet, consectetur adipiscing elit.</p><p>Fusce aliquet turpis at orci bibendum, non convallis justo tempor. Vivamus vitae arcu vel velit efficitur vestibulum vel in purus. Vivamus vitae arcu vel velit efficitur vestibulum vel in purus.</p>","Sed auctor augue id tellus lacinia, nec ultricies est fermentum.
Integer rutrum ante et nunc venenatis, id ultricies risus ultricies.
Donec eu felis at libero consequat sagittis a et urna.
Donec eu felis at libero consequat sagittis a et urna.
Cras sit amet velit id nulla tempus dictum sit am",https://cdn.prod.website-files.com/5f844be21799777e06b3683f/66d5c6e6524e765da1631811_image5.jpeg,https://cdn.prod.website-files.com/5f844be21799777e06b3683f/66d5c6e6524e765da1631802_image4.jpeg,false,#9E9E9E,
